text,occurrences,category,notes
"implanted venous access device (e.g., port-a-cath)",1,,
tracheobronchial or esophageal rupture,1,,
vascular abnormality (enlarged left pulmonary artery or pulmonary artery aneurysm),1,,
"no acute cardiopulmonary abnormality (technically limited, low-contrast frontal chest radiograph)",1,,
small occult pleural or parenchymal lesion below the resolution of a single frontal projection,1,,
early interstitial process below threshold of radiographic detection,1,,
acute respiratory distress syndrome (ards) with asymmetric involvement,2,,
pulmonary abscess or post-obstructive/infectious cavitary lesion,1,,
multifocal primary bronchogenic carcinoma,1,,
subtle early parenchymal abnormality (unlikely),1,,
early or subtle parenchymal/pleural process below the resolution of a single frontal view,1,,
extrapulmonary or mediastinal process not visible on plain radiograph,1,,
"elevated right hemidiaphragm (eventration, phrenic nerve palsy, or subdiaphragmatic process) accounting for the right basilar opacity",1,,
gastric distension,1,,
post-traumatic hemopneumothorax status post chest tube drainage,1,,
malignancy,1,,
age-related degenerative aortic changes,1,,
incidental benign finding not apparent on single frontal view,1,,
"congenital heart disease with heart failure (e.g., large left-to-right shunt, complex congenital anomaly)",1,,
metastatic pulmonary disease (cannonball metastases),2,,
metastatic disease to the lung from an extrathoracic primary,1,,
"possible mild mediastinal contour variation (model-detected, visually uncertain)",1,,
prior right axillary lymph node dissection or breast surgery (status post),1,,
no acute cardiopulmonary finding,1,,
large pulmonary metastasis,1,,
early stage nodular process (cannot be excluded on single view),1,,
post-surgical change or scar at site of prior intervention,1,,
interstitial lung disease with superimposed infection,1,,
early infectious process (less likely),2,,
incidental post-surgical clips (prior abdominal/thoracic surgery) without active disease,1,,
port-a-cath malposition,1,,
"post-surgical state (e.g., prior lobectomy or wedge resection)",1,,
congestive heart failure (though typically bilateral),1,,
primary lung malignancy with cavitary lesion rupture,1,,
mild nonspecific interstitial prominence,1,,
septic emboli,1,,
"incidental external monitoring device (ecg electrode) — the radiopaque object is an external device, not a pulmonary mass or foreign body",1,,
aspiration pneumonitis,5,,
"mild, non-specific interstitial/lung markings (possible early or resolving mild viral process) - not a confident finding",1,,
pericardial cyst,1,,
possible mild gastric distension — requires clinical correlation,1,,
no acute cardiopulmonary abnormality - incidental indwelling right central venous catheter and multiple post-surgical metallic clips/densities,1,,
eventration or paralysis of the right hemidiaphragm,1,,
congestive heart failure from dilated cardiomyopathy,1,,
"chilaiditi syndrome (interposition of colon, though less likely given the appearance)",1,,
early or subtle parenchymal disease not detectable on single frontal view,1,,
pulmonary scarring,1,,
early infectious process (low suspicion),1,,
multiple primary pulmonary malignancies,1,,
viral bronchitis,1,,
incidental port-a-cath placement — device position requires clinical correlation,1,,
non-specific minor interstitial markings,1,,
healthy lungs,1,,
"primary lung malignancy (e.g., non-small cell lung cancer)",1,,
the right mid-lung metallic cluster represents a retained/coiled metallic foreign body rather than surgical clips,1,,
early or subtle interstitial/airway process not radiographically apparent on this single view,1,,
post-surgical changes (axillary lymph node dissection),1,,
pneumoperitoneum (likely perforated viscus),1,,
if the object were truly internal: retained foreign body or externalized medical device component/lead,1,,
"nipple shadows / benign overlying soft-tissue structures (asymmetric, cannot be fully excluded without markers or lateral view)",1,,
subtle interstitial lung disease (not clearly visualized),1,,
pulmonary infarction or hemorrhage,1,,
subtle interstitial process,1,,
post-pneumonectomy state with compensatory mediastinal shift,1,,
infection,1,,
status post right upper quadrant abdominal surgery (surgical clips),1,,
fibrotic scar band,1,,
underlying interstitial/fibrotic lung disease with secondary bilateral pleural collections and air,1,,
"granulomatous disease (e.g., sarcoidosis)",1,,
post-surgical state (based on visible metallic clips),1,,
granulomatous disease,2,,
hilar/mediastinal lymphadenopathy,1,,
post-surgical pleural changes,1,,
chronic obstructive pulmonary disease with cor pulmonale,1,,
pulmonary contusion secondary to trauma,1,,
early or minimal interstitial process,1,,
early interstitial process (cannot be excluded without lateral view or comparison films),1,,
"granulomatous disease (e.g., fungal infection, sarcoidosis)",1,,
early interstitial process (less likely),1,,
diffuse alveolar hemorrhage or pulmonary contusion,2,,
primary lung malignancy (bronchogenic carcinoma),1,,
chilaiditi syndrome,1,,
early pulmonary congestion (less likely),1,,
"port/catheter-related issue (e.g., subtle malposition or tip location) not fully excluded on a single projection",1,,
no acute cardiopulmonary abnormality,3,,
hypertensive cardiovascular disease,1,,
early interstitial lung disease,1,,
metastatic pulmonary disease,3,,
pneumoperitoneum,1,,
"nipple shadow (less likely given size and density, but possible)",1,,
pulmonary infarction,2,,
early or subtle infectious/inflammatory process not yet radiographically apparent,1,,
myocarditis with congestive heart failure,1,,
"granulomatous disease (e.g., disseminated tuberculosis or fungal infection)",2,,
"primary lung malignancy (e.g., adenocarcinoma)",1,,
atypical presentation of pulmonary pathology (less likely),1,,
"miliary/nodular pulmonary disease (e.g., miliary tuberculosis, hematogenous metastases, disseminated fungal infection)",1,,
pneumoperitoneum (if subdiaphragmatic gas is free air),1,,
tuberculosis,1,,
status post thoracic surgery,1,,
pulmonary hemorrhage,2,,
asthma,1,,
subtle interstitial lung disease (unlikely given biomedclip and visual inspection),1,,
chronic cardiovascular disease,1,,
pneumoperitoneum (secondary to perforated viscus),1,,
medical hardware artifact (mimicking fracture),1,,
"miliary or other diffuse infiltrative process (e.g., miliary tuberculosis, fungal, metastatic)",1,,
post-procedural changes (status post chest tube placement),1,,
"malignancy (e.g., metastatic disease)",1,,
no acute cardiopulmonary abnormality / normal study with nonspecific markings,1,,
heart failure (less likely given unilateral presentation),1,,
healthy chest radiograph,1,,
inflammatory/interstitial process,1,,
acute respiratory distress syndrome (ards),34,,
early or mild bronchitis (unlikely given overall appearance),1,,
minimal interstitial changes (not clearly visible),1,,
"infectious process (e.g., fungal ball or abscess)",1,,
"congestive heart failure (e.g., due to cardiomyopathy or valvular disease)",1,,
right-sided lung malignancy with pleural involvement,1,,
congestive heart failure with superimposed infection,1,,
"atypical infection or inflammatory process (e.g., ards)",1,,
nipple or skin shadow,1,,
infectious process,1,,
ards (acute respiratory distress syndrome),1,,
"metastatic disease (e.g., renal cell carcinoma, melanoma, sarcoma, choriocarcinoma)",1,,
pneumoperitoneum (if subdiaphragmatic gas is extraluminal),1,,
"external artifact (clothing snap, button, or external device component) overlying the right upper chest",1,,
pulmonary contusion,3,,
atypical infection (less likely),1,,
mild chronic interstitial changes,1,,
"multifocal infectious process (e.g., fungal or mycobacterial)",1,,
early interstitial changes (not clearly visualized),1,,
accentuated interlobar fissure or overlapping breast shadow (less likely explanation of the left basilar linear opacity),1,,
"diffuse nodular/miliary process (e.g., miliary tuberculosis, hematogenous metastases, fungal infection) or diffuse alveolar hemorrhage",1,,
early or subtle interstitial process not well characterized on a single projection,1,,
subtle pulmonary opacity,1,,
post-surgical changes (due to medical device),1,,
breast shadows mimicking pathology,1,,
"lymphadenopathy (e.g., lymphoma, sarcoidosis)",1,,
post-operative cardiac status with volume overload,1,,
early infectious process (less likely given lack of opacity),1,,
"post-surgical change: multiple surgical clips in the right upper/mid lung, indicating prior right lung surgery (wedge resection or biopsy)",1,,
post-surgical changes,1,,
subtle early interstitial process (less likely),1,,
early interstitial lung disease (if clinical suspicion is high),1,,
"early/mild emphysematous or interstitial change (low likelihood, no convincing radiographic correlate)",1,,
chilaiditi syndrome (if subdiaphragmatic gas is interposed bowel),1,,
"hilar lymphadenopathy (metastatic disease, lymphoma, or granulomatous disease)",1,,
subtle hilar lymphadenopathy (uncertainty noted due to rotation and segmentation failure),1,,
subtle pleural disease (below resolution of frontal radiograph),1,,
post-surgical (post-resection) right pleural space changes with residual air and fluid,1,,
"pleural-based or chest-wall lesion (e.g., lipoma/fibroma) or a superimposed breast lesion (least likely)",1,,
non-specific interstitial changes (unlikely),2,,
status post right breast surgery (mastectomy or axillary lymph node dissection),1,,
chronic obstructive pulmonary disease (copd) with emphysematous changes,1,,
"vascular enlargement (e.g., enlarged pulmonary artery)",1,,
pneumomediastinum,1,,
volume overload,1,,
early or subtle interstitial process not excluded on a single frontal view,1,,
port-a-cath with appropriate positioning,1,,
"catheter-related issue (e.g., malposition or kinking) requiring correlation with clinical indication and tip position",1,,
malignancy (primary lung cancer or metastatic disease),1,,
subtle interstitial lung disease (less likely),3,,
looped central venous catheter with possible malposition (tip position and line function to be assessed clinically),1,,
large infectious process or abscess,1,,
congestive heart failure,3,,
metastatic disease (cannonball metastases),1,,
hilar lymphadenopathy,4,,
minimal interstitial changes (unlikely),1,,
inflammatory/autoimmune process,1,,
pulmonary metastases,1,,
"infectious granulomatous disease (e.g., fungal or mycobacterial)",1,,
prominent pulmonary vasculature,1,,
early or subtle interstitial lung disease (unlikely given clear appearance),1,,
post-surgical changes with pulmonary congestion,1,,
no evidence of pneumonia or heart failure,1,,
right hydropneumothorax,1,,
"chilaiditi syndrome (if bowel is interposed under diaphragm, though less likely given the appearance)",1,,
esophageal dilation or distension,1,,
multiple pulmonary abscesses,1,,
viral upper respiratory infection,1,,
catheter malposition (unlikely based on visual inspection),1,,
diaphragmatic eventration or paralysis,1,,
no acute cardiopulmonary process,6,,
low lung volumes with overlying soft-tissue and device artifact mimicking basilar opacity (no acute cardiopulmonary process),1,,
left-sided lung malignancy with pleural involvement,1,,
early or subtle pathology not detectable on single frontal view,1,,
atypical infection or inflammatory process,2,,
pericardial or epicardial fat pad / left atrial enlargement (mediastinal-vascular mimic),1,,
post-operative free air (if recent abdominal surgery),2,,
right hydropneumothorax with chest tube in situ (post-procedural or post-traumatic),1,,
viral respiratory infection,1,,
implanted venous access device (port-a-cath),1,,
primary bronchogenic carcinoma with intrapulmonary metastases,1,,
subtle early interstitial process (not evident on this study; limited by single view),1,,
aortic ectasia or thoracic aortic aneurysm,1,,
post-surgical changes (axillary clips),2,,
cavitary lung lesion / lung abscess,1,,
nipple shadow,2,,
right-sided pulmonary contusion (if trauma history is present),1,,
interstitial lung disease,4,,
metastatic disease,3,,
"primary lung malignancy (e.g., bronchogenic carcinoma)",2,,
right hemidiaphragm elevation secondary to phrenic nerve injury / diaphragmatic paralysis from prior surgery,1,,
"benign pulmonary tumor (e.g., hamartoma)",2,,
primary pulmonary malignancy (lung cancer),1,,
low lung volumes / poor inspiration with elevated diaphragms and basilar overlap (under-inflated film in a young child),1,,
focal pulmonary hemorrhage,1,,
congenital heart disease with pulmonary congestion,1,,
acute respiratory distress syndrome (ards) / diffuse alveolar damage,2,,
congestive heart failure (chf),1,,
early interstitial process (not radiographically evident),1,,
mild age-related aortic tortuosity,1,,
early infectious process (unlikely),1,,
infectious granulomatous disease,1,,
malignancy (less likely),1,,
prior thoracic/abdominal or cardiac surgery accounting for the metallic clips,1,,
"atypical infection (e.g., viral or mycoplasma)",1,,
