model,comparison,metric,both_complete,diff,lo,hi
gemma4-26b,single-zeroshot,hit1,1,-0.044444444444444446,-0.15555555555555556,0.06666666666666667
gemma4-26b,single-zeroshot,hit3,1,0.0,-0.13333333333333333,0.13333333333333333
gemma4-26b,single-zeroshot,mrr3,1,-0.022222222222222223,-0.11851851851851851,0.06666666666666668
gemma4-26b,single-zeroshot,recall3,1,0.01629629629629629,-0.07962962962962963,0.10740740740740738
gemma4-26b,single-zeroshot,f1,1,-0.005855379188712525,-0.089842151675485,0.07544973544973543
gemma4-26b,council-single,hit1,1,0.0,-0.13333333333333333,0.1111111111111111
gemma4-26b,council-single,hit3,1,-0.06666666666666667,-0.2222222222222222,0.08888888888888889
gemma4-26b,council-single,mrr3,1,-0.029629629629629627,-0.15555555555555553,0.09259259259259257
gemma4-26b,council-single,recall3,1,-0.0725925925925926,-0.18592592592592594,0.037037037037037035
gemma4-26b,council-single,f1,1,-0.07539682539682538,-0.1683611111111111,0.009841269841269836
gemma4-26b,council-zeroshot,hit1,1,-0.044444444444444446,-0.17777777777777778,0.08888888888888889
gemma4-26b,council-zeroshot,hit3,1,-0.06666666666666667,-0.24444444444444444,0.1111111111111111
gemma4-26b,council-zeroshot,mrr3,1,-0.05185185185185184,-0.1962962962962963,0.09259259259259257
gemma4-26b,council-zeroshot,recall3,1,-0.056296296296296296,-0.1796296296296296,0.06222222222222222
gemma4-26b,council-zeroshot,f1,1,-0.0812522045855379,-0.19392063492063488,0.022681216931216924
gemma4-26b,clf_all-baseline,hit1,1,0.0,-0.13333333333333333,0.13333333333333333
gemma4-26b,clf_all-baseline,hit3,1,-0.17777777777777778,-0.3333333333333333,0.0
gemma4-26b,clf_all-baseline,mrr3,1,-0.08888888888888888,-0.2111111111111111,0.037037037037037035
gemma4-26b,clf_all-baseline,recall3,1,-0.06814814814814814,-0.2037037037037037,0.0725925925925926
gemma4-26b,clf_all-baseline,f1,1,-0.05869488536155205,-0.1575864197530864,0.04733862433862431
gemma4-26b,clf_all-zeroshot,hit1,1,-0.022222222222222223,-0.15555555555555556,0.1111111111111111
gemma4-26b,clf_all-zeroshot,hit3,1,0.06666666666666667,-0.06666666666666667,0.2
gemma4-26b,clf_all-zeroshot,mrr3,1,0.014814814814814807,-0.1074074074074074,0.12962962962962965
gemma4-26b,clf_all-zeroshot,recall3,1,0.05962962962962964,-0.04962962962962963,0.16481481481481478
gemma4-26b,clf_all-zeroshot,f1,1,0.0041093474426807785,-0.09661375661375661,0.09755114638447969
gemma4-26b,single-clf_all,hit1,1,-0.022222222222222223,-0.13333333333333333,0.08888888888888889
gemma4-26b,single-clf_all,hit3,1,-0.06666666666666667,-0.17777777777777778,0.044444444444444446
gemma4-26b,single-clf_all,mrr3,1,-0.03703703703703702,-0.1259259259259259,0.05555555555555555
gemma4-26b,single-clf_all,recall3,1,-0.043333333333333335,-0.14000925925925928,0.05555555555555555
gemma4-26b,single-clf_all,f1,1,-0.009964726631393304,-0.07451543209876543,0.06456790123456789
gemma4-26b,single-baseline,hit1,1,-0.022222222222222223,-0.17777777777777778,0.13333333333333333
gemma4-26b,single-baseline,hit3,1,-0.24444444444444444,-0.4,-0.06666666666666667
gemma4-26b,single-baseline,mrr3,1,-0.12592592592592594,-0.25925925925925924,0.01481481481481482
gemma4-26b,single-baseline,recall3,1,-0.11148148148148149,-0.2388888888888889,0.02333333333333333
gemma4-26b,single-baseline,f1,1,-0.06865961199294533,-0.1753108465608466,0.04740784832451498
gemma4-26b,clf_pc-baseline:densenet121-res224-pc,hit1,1,0.022222222222222223,-0.15555555555555556,0.2
gemma4-26b,clf_pc-baseline:densenet121-res224-pc,hit3,1,-0.022222222222222223,-0.2,0.15555555555555556
gemma4-26b,clf_pc-baseline:densenet121-res224-pc,mrr3,1,0.003703703703703705,-0.15185185185185185,0.16666666666666666
gemma4-26b,clf_pc-baseline:densenet121-res224-pc,recall3,1,-0.01444444444444445,-0.1537037037037037,0.1314907407407406
gemma4-26b,clf_pc-baseline:densenet121-res224-pc,f1,1,-0.04671957671957672,-0.16031878306878308,0.06936640211640212
gemma4-26b,single-zeroshot:closed,hit1,1,-0.022222222222222223,-0.1111111111111111,0.06666666666666667
gemma4-26b,single-zeroshot:closed,hit3,1,-0.022222222222222223,-0.15555555555555556,0.1111111111111111
gemma4-26b,single-zeroshot:closed,mrr3,1,-0.011111111111111112,-0.1,0.08148148148148149
gemma4-26b,single-zeroshot:closed,recall3,1,0.022222222222222223,-0.05370370370370371,0.10370370370370369
gemma4-26b,single-zeroshot:closed,f1,1,0.028253968253968254,-0.036296296296296285,0.09439417989417984
gemma4-26b,council-single:closed,hit1,0,-0.15555555555555556,-0.28888888888888886,-0.044444444444444446
gemma4-26b,council-single:closed,hit3,0,-0.3111111111111111,-0.4666666666666667,-0.15555555555555556
gemma4-26b,council-single:closed,mrr3,0,-0.23333333333333334,-0.35555555555555557,-0.1185185185185185
gemma4-26b,council-single:closed,recall3,0,-0.2037037037037037,-0.32037037037037036,-0.09814814814814814
gemma4-26b,council-single:closed,f1,0,-0.18465608465608468,-0.28973809523809524,-0.08994708994708994
gemma4-26b,council-zeroshot:closed,hit1,0,-0.17777777777777778,-0.3111111111111111,-0.06666666666666667
gemma4-26b,council-zeroshot:closed,hit3,0,-0.3333333333333333,-0.4888888888888889,-0.17777777777777778
gemma4-26b,council-zeroshot:closed,mrr3,0,-0.24444444444444444,-0.3814814814814814,-0.11851851851851851
gemma4-26b,council-zeroshot:closed,recall3,0,-0.18148148148148147,-0.28703703703703703,-0.08333333333333333
gemma4-26b,council-zeroshot:closed,f1,0,-0.1564021164021164,-0.25227777777777777,-0.06772486772486773
gemma4-26b,clf_all-baseline:closed,hit1,1,0.06666666666666667,-0.044444444444444446,0.17777777777777778
gemma4-26b,clf_all-baseline:closed,hit3,1,0.022222222222222223,-0.044444444444444446,0.1111111111111111
gemma4-26b,clf_all-baseline:closed,mrr3,1,0.040740740740740744,-0.05185185185185186,0.13703703703703704
gemma4-26b,clf_all-baseline:closed,recall3,1,-0.0037037037037037017,-0.09259259259259257,0.09074074074074076
gemma4-26b,clf_all-baseline:closed,f1,1,-0.016402116402116397,-0.0764021164021164,0.045399470899470856
gemma4-26b,clf_all-zeroshot:closed,hit1,1,0.022222222222222223,-0.08888888888888889,0.13333333333333333
gemma4-26b,clf_all-zeroshot:closed,hit3,1,0.1111111111111111,0.0,0.2222222222222222
gemma4-26b,clf_all-zeroshot:closed,mrr3,1,0.06666666666666667,-0.02592592592592593,0.16296296296296295
gemma4-26b,clf_all-zeroshot:closed,recall3,1,0.06592592592592593,-0.02592592592592593,0.15925925925925927
gemma4-26b,clf_all-zeroshot:closed,f1,1,0.024814814814814824,-0.04455026455026454,0.09190608465608466
gemma4-26b,single-clf_all:closed,hit1,1,-0.044444444444444446,-0.15555555555555556,0.06666666666666667
gemma4-26b,single-clf_all:closed,hit3,1,-0.13333333333333333,-0.26666666666666666,0.0
gemma4-26b,single-clf_all:closed,mrr3,1,-0.07777777777777778,-0.18148148148148152,0.018518518518518528
gemma4-26b,single-clf_all:closed,recall3,1,-0.04370370370370371,-0.14666666666666667,0.057787037037036894
gemma4-26b,single-clf_all:closed,f1,1,0.0034391534391534345,-0.07693121693121693,0.08867989417989414
gemma4-26b,single-baseline:closed,hit1,1,0.022222222222222223,-0.1111111111111111,0.15555555555555556
gemma4-26b,single-baseline:closed,hit3,1,-0.1111111111111111,-0.26666666666666666,0.044444444444444446
gemma4-26b,single-baseline:closed,mrr3,1,-0.037037037037037035,-0.15925925925925924,0.08888888888888889
gemma4-26b,single-baseline:closed,recall3,1,-0.047407407407407405,-0.18259259259259258,0.0914814814814815
gemma4-26b,single-baseline:closed,f1,1,-0.012962962962962971,-0.11640873015873016,0.10005291005291005
gemma4-26b,clf_pc-baseline:densenet121-res224-pc:closed,hit1,1,-0.022222222222222223,-0.15555555555555556,0.1111111111111111
gemma4-26b,clf_pc-baseline:densenet121-res224-pc:closed,hit3,1,0.022222222222222223,-0.06666666666666667,0.1111111111111111
gemma4-26b,clf_pc-baseline:densenet121-res224-pc:closed,mrr3,1,-0.007407407407407409,-0.09629629629629631,0.08518518518518518
gemma4-26b,clf_pc-baseline:densenet121-res224-pc:closed,recall3,1,-0.017777777777777778,-0.10222222222222221,0.07407407407407408
gemma4-26b,clf_pc-baseline:densenet121-res224-pc:closed,f1,1,-0.0338095238095238,-0.09836507936507938,0.03137698412698411
gemma4-26b,zeroshot:closed-open,hit1,1,0.022222222222222223,-0.1111111111111111,0.15555555555555556
gemma4-26b,zeroshot:closed-open,hit3,1,0.15555555555555556,0.0,0.3111111111111111
gemma4-26b,zeroshot:closed-open,mrr3,1,0.07777777777777778,-0.04074074074074075,0.19259259259259262
gemma4-26b,zeroshot:closed-open,recall3,1,0.05814814814814815,-0.04629629629629629,0.15740740740740738
gemma4-26b,zeroshot:closed-open,f1,1,0.021587301587301603,-0.06968253968253967,0.10878306878306877
gemma4-26b,clf_all:closed-open,hit1,1,0.06666666666666667,-0.044444444444444446,0.17777777777777778
gemma4-26b,clf_all:closed-open,hit3,1,0.2,0.044444444444444446,0.35555555555555557
gemma4-26b,clf_all:closed-open,mrr3,1,0.12962962962962962,0.04444444444444444,0.21851851851851853
gemma4-26b,clf_all:closed-open,recall3,1,0.06444444444444444,-0.04999999999999999,0.17592592592592593
gemma4-26b,clf_all:closed-open,f1,1,0.042292768959435637,-0.03913977072310406,0.1207420634920635
gemma4-26b,clf_pc:closed-open,hit1,1,-0.044444444444444446,-0.2222222222222222,0.13333333333333333
gemma4-26b,clf_pc:closed-open,hit3,1,0.044444444444444446,-0.1111111111111111,0.2
gemma4-26b,clf_pc:closed-open,mrr3,1,-0.011111111111111117,-0.1592592592592593,0.137037037037037
gemma4-26b,clf_pc:closed-open,recall3,1,-0.003333333333333334,-0.12925925925925927,0.12037037037037036
gemma4-26b,clf_pc:closed-open,f1,1,0.012910052910052911,-0.07672089947089948,0.09904761904761905
gemma4-26b,single:closed-open,hit1,1,0.044444444444444446,-0.06666666666666667,0.15555555555555556
gemma4-26b,single:closed-open,hit3,1,0.13333333333333333,0.0,0.28888888888888886
gemma4-26b,single:closed-open,mrr3,1,0.08888888888888889,-0.007407407407407406,0.18148148148148152
gemma4-26b,single:closed-open,recall3,1,0.06407407407407407,-0.02814814814814815,0.1574074074074074
gemma4-26b,single:closed-open,f1,1,0.055696649029982385,-0.020425925925925913,0.1298461199294532
gemma4-26b,council:closed-open,hit1,0,-0.1111111111111111,-0.26666666666666666,0.044444444444444446
gemma4-26b,council:closed-open,hit3,0,-0.1111111111111111,-0.28888888888888886,0.044444444444444446
gemma4-26b,council:closed-open,mrr3,0,-0.1148148148148148,-0.26296296296296295,0.033333333333333326
gemma4-26b,council:closed-open,recall3,0,-0.06703703703703703,-0.17259259259259258,0.03444444444444444
gemma4-26b,council:closed-open,f1,0,-0.05356261022927689,-0.14137830687830688,0.030266754850088166
qwen3.6-27b,single-zeroshot,hit1,1,0.0,-0.1111111111111111,0.1111111111111111
qwen3.6-27b,single-zeroshot,hit3,1,0.0,-0.1111111111111111,0.1111111111111111
qwen3.6-27b,single-zeroshot,mrr3,1,-0.003703703703703705,-0.0925925925925926,0.07407407407407408
qwen3.6-27b,single-zeroshot,recall3,1,0.01296296296296297,-0.07223148148148147,0.0962962962962963
qwen3.6-27b,single-zeroshot,f1,1,-0.015943562610229278,-0.10522134038800705,0.07058201058201057
qwen3.6-27b,council-single,hit1,1,0.044444444444444446,-0.08888888888888889,0.17777777777777778
qwen3.6-27b,council-single,hit3,1,0.06666666666666667,-0.06666666666666667,0.2
qwen3.6-27b,council-single,mrr3,1,0.05555555555555555,-0.048148148148148155,0.16666666666666666
qwen3.6-27b,council-single,recall3,1,0.05444444444444444,-0.03703703703703704,0.14407407407407408
qwen3.6-27b,council-single,f1,1,0.04611992945326278,-0.04682716049382715,0.13723280423280418
qwen3.6-27b,council-zeroshot,hit1,1,0.044444444444444446,-0.06666666666666667,0.15555555555555556
qwen3.6-27b,council-zeroshot,hit3,1,0.06666666666666667,-0.044444444444444446,0.17777777777777778
qwen3.6-27b,council-zeroshot,mrr3,1,0.05185185185185186,-0.044444444444444446,0.15185185185185185
qwen3.6-27b,council-zeroshot,recall3,1,0.0674074074074074,-0.007777777777777775,0.13889814814814802
qwen3.6-27b,council-zeroshot,f1,1,0.03017636684303351,-0.0484867724867725,0.10351014109347441
qwen3.6-27b,clf_all-baseline,hit1,1,0.15555555555555556,0.0,0.3111111111111111
qwen3.6-27b,clf_all-baseline,hit3,1,-0.08888888888888889,-0.24444444444444444,0.06666666666666667
qwen3.6-27b,clf_all-baseline,mrr3,1,0.044444444444444446,-0.08888888888888889,0.1851851851851852
qwen3.6-27b,clf_all-baseline,recall3,1,0.006296296296296299,-0.12519444444444444,0.14222222222222222
qwen3.6-27b,clf_all-baseline,f1,1,0.00899470899470898,-0.0910595238095238,0.10994708994708995
qwen3.6-27b,clf_all-zeroshot,hit1,1,-0.044444444444444446,-0.17777777777777778,0.08888888888888889
qwen3.6-27b,clf_all-zeroshot,hit3,1,0.022222222222222223,-0.08888888888888889,0.13333333333333333
qwen3.6-27b,clf_all-zeroshot,mrr3,1,-0.014814814814814817,-0.12222222222222222,0.08888888888888889
qwen3.6-27b,clf_all-zeroshot,recall3,1,0.014074074074074079,-0.06889814814814813,0.10296296296296295
qwen3.6-27b,clf_all-zeroshot,f1,1,-0.031216931216931216,-0.1088902116402116,0.05206481481481481
qwen3.6-27b,single-clf_all,hit1,1,0.044444444444444446,-0.08888888888888889,0.17777777777777778
qwen3.6-27b,single-clf_all,hit3,1,-0.022222222222222223,-0.13333333333333333,0.08888888888888889
qwen3.6-27b,single-clf_all,mrr3,1,0.011111111111111106,-0.09629629629629631,0.12222222222222222
qwen3.6-27b,single-clf_all,recall3,1,-0.0011111111111111133,-0.06481481481481481,0.06372222222222196
qwen3.6-27b,single-clf_all,f1,1,0.015273368606701936,-0.04922486772486772,0.07839682539682537
qwen3.6-27b,single-baseline,hit1,1,0.2,0.022222222222222223,0.37777777777777777
qwen3.6-27b,single-baseline,hit3,1,-0.1111111111111111,-0.28888888888888886,0.06666666666666667
qwen3.6-27b,single-baseline,mrr3,1,0.055555555555555546,-0.1,0.2111111111111111
qwen3.6-27b,single-baseline,recall3,1,0.00518518518518519,-0.137037037037037,0.14963888888888877
qwen3.6-27b,single-baseline,f1,1,0.024268077601410937,-0.09295502645502647,0.14630291005290993
qwen3.6-27b,clf_pc-baseline:densenet121-res224-pc,hit1,1,0.1111111111111111,-0.08888888888888889,0.3111111111111111
qwen3.6-27b,clf_pc-baseline:densenet121-res224-pc,hit3,1,0.044444444444444446,-0.13333333333333333,0.2222222222222222
qwen3.6-27b,clf_pc-baseline:densenet121-res224-pc,mrr3,1,0.07777777777777778,-0.08888888888888889,0.24814814814814817
qwen3.6-27b,clf_pc-baseline:densenet121-res224-pc,recall3,1,0.035925925925925924,-0.09815740740740739,0.1748148148148148
qwen3.6-27b,clf_pc-baseline:densenet121-res224-pc,f1,1,-0.006772486772486783,-0.11127116402116402,0.09868121693121688
qwen3.6-27b,single-zeroshot:closed,hit1,1,-0.022222222222222223,-0.13333333333333333,0.08888888888888889
qwen3.6-27b,single-zeroshot:closed,hit3,1,0.0,-0.08888888888888889,0.08888888888888889
qwen3.6-27b,single-zeroshot:closed,mrr3,1,-0.011111111111111112,-0.0814814814814815,0.06666666666666667
qwen3.6-27b,single-zeroshot:closed,recall3,1,-0.0014814814814814862,-0.08222222222222222,0.07925925925925925
qwen3.6-27b,single-zeroshot:closed,f1,1,0.03666666666666667,-0.02481481481481482,0.1
qwen3.6-27b,council-single:closed,hit1,1,0.06666666666666667,-0.06666666666666667,0.2
qwen3.6-27b,council-single:closed,hit3,1,-0.06666666666666667,-0.17777777777777778,0.022222222222222223
qwen3.6-27b,council-single:closed,mrr3,1,0.01481481481481482,-0.07407407407407407,0.10370370370370371
qwen3.6-27b,council-single:closed,recall3,1,-0.08592592592592593,-0.18148148148148147,0.003703703703703703
qwen3.6-27b,council-single:closed,f1,1,-0.0664021164021164,-0.13344179894179894,0.0007407407407407431
qwen3.6-27b,council-zeroshot:closed,hit1,1,0.044444444444444446,-0.08888888888888889,0.17777777777777778
qwen3.6-27b,council-zeroshot:closed,hit3,1,-0.06666666666666667,-0.17777777777777778,0.022222222222222223
qwen3.6-27b,council-zeroshot:closed,mrr3,1,0.003703703703703705,-0.0925925925925926,0.10370370370370369
qwen3.6-27b,council-zeroshot:closed,recall3,1,-0.0874074074074074,-0.18,-0.006666666666666668
qwen3.6-27b,council-zeroshot:closed,f1,1,-0.02973544973544974,-0.1040767195767196,0.042596560846560785
qwen3.6-27b,clf_all-baseline:closed,hit1,1,0.1111111111111111,0.0,0.24444444444444444
qwen3.6-27b,clf_all-baseline:closed,hit3,1,0.13333333333333333,0.044444444444444446,0.24444444444444444
qwen3.6-27b,clf_all-baseline:closed,mrr3,1,0.11851851851851854,0.022222222222222216,0.22592592592592595
qwen3.6-27b,clf_all-baseline:closed,recall3,1,0.1322222222222222,0.041101851851851855,0.23407407407407407
qwen3.6-27b,clf_all-baseline:closed,f1,1,0.08301587301587302,0.019312169312169312,0.14804497354497353
qwen3.6-27b,clf_all-zeroshot:closed,hit1,1,-0.1111111111111111,-0.24444444444444444,0.0
qwen3.6-27b,clf_all-zeroshot:closed,hit3,1,0.08888888888888889,0.0,0.2
qwen3.6-27b,clf_all-zeroshot:closed,mrr3,1,-0.014814814814814817,-0.1,0.07037037037037036
qwen3.6-27b,clf_all-zeroshot:closed,recall3,1,0.03333333333333333,-0.06185185185185186,0.12777777777777777
qwen3.6-27b,clf_all-zeroshot:closed,f1,1,0.008888888888888889,-0.06127116402116402,0.07698544973544973
qwen3.6-27b,single-clf_all:closed,hit1,1,0.08888888888888889,-0.06666666666666667,0.24444444444444444
qwen3.6-27b,single-clf_all:closed,hit3,1,-0.08888888888888889,-0.2222222222222222,0.022222222222222223
qwen3.6-27b,single-clf_all:closed,mrr3,1,0.003703703703703705,-0.1,0.10370370370370371
qwen3.6-27b,single-clf_all:closed,recall3,1,-0.03481481481481482,-0.15075,0.08149074074074061
qwen3.6-27b,single-clf_all:closed,f1,1,0.027777777777777773,-0.05423544973544973,0.11222619047619042
qwen3.6-27b,single-baseline:closed,hit1,1,0.2,0.022222222222222223,0.37777777777777777
qwen3.6-27b,single-baseline:closed,hit3,1,0.044444444444444446,-0.1111111111111111,0.2
qwen3.6-27b,single-baseline:closed,mrr3,1,0.12222222222222225,-0.018611111111111037,0.26666666666666666
qwen3.6-27b,single-baseline:closed,recall3,1,0.0974074074074074,-0.0337037037037037,0.23037037037037034
qwen3.6-27b,single-baseline:closed,f1,1,0.11079365079365079,0.00857142857142857,0.2183121693121693
qwen3.6-27b,clf_pc-baseline:densenet121-res224-pc:closed,hit1,1,0.06666666666666667,-0.1111111111111111,0.24444444444444444
qwen3.6-27b,clf_pc-baseline:densenet121-res224-pc:closed,hit3,1,0.08888888888888889,-0.06666666666666667,0.24444444444444444
qwen3.6-27b,clf_pc-baseline:densenet121-res224-pc:closed,mrr3,1,0.07777777777777778,-0.05925925925925927,0.22222222222222218
qwen3.6-27b,clf_pc-baseline:densenet121-res224-pc:closed,recall3,1,0.055185185185185184,-0.06111111111111111,0.1759259259259259
qwen3.6-27b,clf_pc-baseline:densenet121-res224-pc:closed,f1,1,0.017248677248677242,-0.07037037037037036,0.10407407407407405
qwen3.6-27b,zeroshot:closed-open,hit1,1,0.022222222222222223,-0.08888888888888889,0.13333333333333333
qwen3.6-27b,zeroshot:closed-open,hit3,1,0.15555555555555556,0.022222222222222223,0.28888888888888886
qwen3.6-27b,zeroshot:closed-open,mrr3,1,0.07407407407407406,-0.022222222222222227,0.17407407407407405
qwen3.6-27b,zeroshot:closed-open,recall3,1,0.10666666666666666,0.017777777777777785,0.1966666666666667
qwen3.6-27b,zeroshot:closed-open,f1,1,0.033915343915343926,-0.048941798941798925,0.11767460317460315
qwen3.6-27b,clf_all:closed-open,hit1,1,-0.044444444444444446,-0.2,0.1111111111111111
qwen3.6-27b,clf_all:closed-open,hit3,1,0.2222222222222222,0.1111111111111111,0.35555555555555557
qwen3.6-27b,clf_all:closed-open,mrr3,1,0.07407407407407407,-0.025925925925925932,0.17407407407407408
qwen3.6-27b,clf_all:closed-open,recall3,1,0.1259259259259259,0.048148148148148134,0.2111111111111111
qwen3.6-27b,clf_all:closed-open,f1,1,0.07402116402116403,-0.0005820105820105751,0.14889021164021163
qwen3.6-27b,clf_pc:closed-open,hit1,1,-0.044444444444444446,-0.2,0.1111111111111111
qwen3.6-27b,clf_pc:closed-open,hit3,1,0.044444444444444446,-0.1111111111111111,0.2
qwen3.6-27b,clf_pc:closed-open,mrr3,1,0.0,-0.12222222222222225,0.12222222222222225
qwen3.6-27b,clf_pc:closed-open,recall3,1,0.019259259259259254,-0.08925925925925923,0.1285185185185185
qwen3.6-27b,clf_pc:closed-open,f1,1,0.024021164021164023,-0.06450132275132275,0.11355291005290996
qwen3.6-27b,single:closed-open,hit1,1,0.0,-0.15555555555555556,0.15555555555555556
qwen3.6-27b,single:closed-open,hit3,1,0.15555555555555556,0.022222222222222223,0.28888888888888886
qwen3.6-27b,single:closed-open,mrr3,1,0.06666666666666668,-0.059259259259259255,0.19999999999999996
qwen3.6-27b,single:closed-open,recall3,1,0.09222222222222223,-0.03075,0.2185185185185185
qwen3.6-27b,single:closed-open,f1,1,0.08652557319223986,-0.016617724867724844,0.18957716049382717
qwen3.6-27b,council:closed-open,hit1,1,0.022222222222222223,-0.1111111111111111,0.17777777777777778
qwen3.6-27b,council:closed-open,hit3,1,0.022222222222222223,-0.06666666666666667,0.1111111111111111
qwen3.6-27b,council:closed-open,mrr3,1,0.025925925925925932,-0.07777777777777778,0.13333333333333333
qwen3.6-27b,council:closed-open,recall3,1,-0.048148148148148155,-0.12777777777777777,0.03333333333333333
qwen3.6-27b,council:closed-open,f1,1,-0.025996472663139317,-0.09970238095238093,0.048679894179894156
qwen3.8-27b,single-zeroshot,hit1,1,-0.022222222222222223,-0.15555555555555556,0.1111111111111111
qwen3.8-27b,single-zeroshot,hit3,1,0.044444444444444446,-0.06666666666666667,0.17777777777777778
qwen3.8-27b,single-zeroshot,mrr3,1,0.011111111111111106,-0.0925925925925926,0.11120370370370238
qwen3.8-27b,single-zeroshot,recall3,1,0.04629629629629629,-0.06481481481481483,0.16481481481481483
qwen3.8-27b,single-zeroshot,f1,1,-0.005672599005932333,-0.09300092191758857,0.07735084976751642
qwen3.8-27b,council-single,hit1,0,-0.37777777777777777,-0.5333333333333333,-0.2222222222222222
qwen3.8-27b,council-single,hit3,0,-0.5111111111111111,-0.6666666666666666,-0.3333333333333333
qwen3.8-27b,council-single,mrr3,0,-0.4407407407407407,-0.5888888888888888,-0.2887962962962976
qwen3.8-27b,council-single,recall3,0,-0.3907407407407408,-0.5288981481481481,-0.25296296296296295
qwen3.8-27b,council-single,f1,0,-0.26677890011223343,-0.36156228956228953,-0.17264109347442688
qwen3.8-27b,council-zeroshot,hit1,0,-0.4,-0.5555555555555556,-0.26666666666666666
qwen3.8-27b,council-zeroshot,hit3,0,-0.4666666666666667,-0.6222222222222222,-0.3111111111111111
qwen3.8-27b,council-zeroshot,mrr3,0,-0.4296296296296296,-0.5740740740740741,-0.28518518518518515
qwen3.8-27b,council-zeroshot,recall3,0,-0.3444444444444444,-0.4803703703703703,-0.20665740740740757
qwen3.8-27b,council-zeroshot,f1,0,-0.27245149911816574,-0.3829479717813051,-0.16493827160493826
qwen3.8-27b,clf_all-baseline,hit1,1,0.35555555555555557,0.2,0.5111111111111111
qwen3.8-27b,clf_all-baseline,hit3,1,0.13333333333333333,0.0,0.26666666666666666
qwen3.8-27b,clf_all-baseline,mrr3,1,0.24814814814814815,0.11851851851851854,0.38148148148148153
qwen3.8-27b,clf_all-baseline,recall3,1,0.1940740740740741,0.08185185185185186,0.3148148148148148
qwen3.8-27b,clf_all-baseline,f1,1,0.04125220458553791,-0.028112874779541455,0.11269885361552025
qwen3.8-27b,clf_all-zeroshot,hit1,1,0.15555555555555556,0.044444444444444446,0.28888888888888886
qwen3.8-27b,clf_all-zeroshot,hit3,1,0.2222222222222222,0.08888888888888889,0.35555555555555557
qwen3.8-27b,clf_all-zeroshot,mrr3,1,0.17777777777777776,0.07407407407407407,0.29259259259259257
qwen3.8-27b,clf_all-zeroshot,recall3,1,0.14148148148148149,0.02592592592592592,0.2629814814814812
qwen3.8-27b,clf_all-zeroshot,f1,1,0.023298059964726617,-0.06072751322751324,0.10880423280423274
qwen3.8-27b,single-clf_all,hit1,1,-0.17777777777777778,-0.3333333333333333,-0.044444444444444446
qwen3.8-27b,single-clf_all,hit3,1,-0.17777777777777778,-0.3111111111111111,-0.044444444444444446
qwen3.8-27b,single-clf_all,mrr3,1,-0.16666666666666666,-0.28888888888888886,-0.05185185185185184
qwen3.8-27b,single-clf_all,recall3,1,-0.09518518518518518,-0.20260185185185184,0.008527777777777646
qwen3.8-27b,single-clf_all,f1,1,-0.028970658970658963,-0.0971485489818823,0.03711824595157923
qwen3.8-27b,single-baseline,hit1,1,0.17777777777777778,0.0,0.35555555555555557
qwen3.8-27b,single-baseline,hit3,1,-0.044444444444444446,-0.2222222222222222,0.13333333333333333
qwen3.8-27b,single-baseline,mrr3,1,0.08148148148148149,-0.06305555555555548,0.22962962962962966
qwen3.8-27b,single-baseline,recall3,1,0.09888888888888889,-0.04185185185185184,0.24407407407407408
qwen3.8-27b,single-baseline,f1,1,0.01228154561487894,-0.08580743947410613,0.11000204425204425
qwen3.8-27b,clf_pc-baseline:densenet121-res224-pc,hit1,1,0.2222222222222222,0.044444444444444446,0.4
qwen3.8-27b,clf_pc-baseline:densenet121-res224-pc,hit3,1,0.17777777777777778,0.022222222222222223,0.35555555555555557
qwen3.8-27b,clf_pc-baseline:densenet121-res224-pc,mrr3,1,0.2,0.048148148148148155,0.35185185185185186
qwen3.8-27b,clf_pc-baseline:densenet121-res224-pc,recall3,1,0.18925925925925927,0.05111111111111111,0.33037962962962947
qwen3.8-27b,clf_pc-baseline:densenet121-res224-pc,f1,1,0.025485008818342144,-0.06749603174603176,0.11892460317460316
qwen3.8-27b,single-zeroshot:closed,hit1,1,-0.17777777777777778,-0.28888888888888886,-0.06666666666666667
qwen3.8-27b,single-zeroshot:closed,hit3,1,0.0,-0.1111111111111111,0.1111111111111111
qwen3.8-27b,single-zeroshot:closed,mrr3,1,-0.10370370370370371,-0.20370370370370372,-0.014814814814814817
qwen3.8-27b,single-zeroshot:closed,recall3,1,-0.006296296296296291,-0.09260185185185185,0.0818703703703701
qwen3.8-27b,single-zeroshot:closed,f1,1,-0.011058201058201055,-0.0837037037037037,0.06042592592592589
qwen3.8-27b,council-single:closed,hit1,0,-0.4888888888888889,-0.6222222222222222,-0.3333333333333333
qwen3.8-27b,council-single:closed,hit3,0,-0.7111111111111111,-0.8444444444444444,-0.5777777777777777
qwen3.8-27b,council-single:closed,mrr3,0,-0.5814814814814814,-0.7074074074074074,-0.4555555555555555
qwen3.8-27b,council-single:closed,recall3,0,-0.4714814814814815,-0.5840740740740741,-0.3622222222222222
qwen3.8-27b,council-single:closed,f1,0,-0.4030687830687831,-0.49566137566137564,-0.3113201058201059
qwen3.8-27b,council-zeroshot:closed,hit1,0,-0.6666666666666666,-0.8,-0.5333333333333333
qwen3.8-27b,council-zeroshot:closed,hit3,0,-0.7111111111111111,-0.8444444444444444,-0.5777777777777777
qwen3.8-27b,council-zeroshot:closed,mrr3,0,-0.6851851851851851,-0.8111111111111111,-0.5518518518518518
qwen3.8-27b,council-zeroshot:closed,recall3,0,-0.47777777777777786,-0.5907407407407407,-0.36740740740740735
qwen3.8-27b,council-zeroshot:closed,f1,0,-0.4141269841269841,-0.5114841269841269,-0.3205264550264551
qwen3.8-27b,clf_all-baseline:closed,hit1,1,0.1111111111111111,-0.022222222222222223,0.24444444444444444
qwen3.8-27b,clf_all-baseline:closed,hit3,1,0.06666666666666667,-0.044444444444444446,0.17777777777777778
qwen3.8-27b,clf_all-baseline:closed,mrr3,1,0.08888888888888888,-0.01111111111111111,0.1962962962962963
qwen3.8-27b,clf_all-baseline:closed,recall3,1,0.10888888888888888,0.009999999999999998,0.21777777777777776
qwen3.8-27b,clf_all-baseline:closed,f1,1,0.06444444444444444,-0.0030171957671957703,0.13264550264550265
qwen3.8-27b,clf_all-zeroshot:closed,hit1,1,-0.24444444444444444,-0.4,-0.08888888888888889
qwen3.8-27b,clf_all-zeroshot:closed,hit3,1,0.06666666666666667,-0.044444444444444446,0.17777777777777778
qwen3.8-27b,clf_all-zeroshot:closed,mrr3,1,-0.10370370370370371,-0.21851851851851853,0.011111111111111106
qwen3.8-27b,clf_all-zeroshot:closed,recall3,1,0.03259259259259258,-0.04962962962962963,0.1259259259259259
qwen3.8-27b,clf_all-zeroshot:closed,f1,1,-0.012962962962962966,-0.08333465608465608,0.057992063492063456
qwen3.8-27b,single-clf_all:closed,hit1,1,0.06666666666666667,-0.06666666666666667,0.2
qwen3.8-27b,single-clf_all:closed,hit3,1,-0.06666666666666667,-0.2,0.06666666666666667
qwen3.8-27b,single-clf_all:closed,mrr3,1,2.4671622769447924e-18,-0.09999999999999998,0.0925925925925926
qwen3.8-27b,single-clf_all:closed,recall3,1,-0.038888888888888876,-0.15,0.06481481481481483
qwen3.8-27b,single-clf_all:closed,f1,1,0.0019047619047619054,-0.07629629629629629,0.07905291005290997
qwen3.8-27b,single-baseline:closed,hit1,1,0.17777777777777778,0.022222222222222223,0.3333333333333333
qwen3.8-27b,single-baseline:closed,hit3,1,0.0,-0.15555555555555556,0.15555555555555556
qwen3.8-27b,single-baseline:closed,mrr3,1,0.08888888888888889,-0.048148148148148155,0.22592592592592592
qwen3.8-27b,single-baseline:closed,recall3,1,0.07,-0.05925925925925925,0.20259259259259257
qwen3.8-27b,single-baseline:closed,f1,1,0.06634920634920637,-0.031428571428571424,0.17084656084656083
qwen3.8-27b,clf_pc-baseline:densenet121-res224-pc:closed,hit1,1,0.2,0.044444444444444446,0.35555555555555557
qwen3.8-27b,clf_pc-baseline:densenet121-res224-pc:closed,hit3,1,0.13333333333333333,0.022222222222222223,0.26666666666666666
qwen3.8-27b,clf_pc-baseline:densenet121-res224-pc:closed,mrr3,1,0.17407407407407408,0.05555555555555555,0.3000925925925913
qwen3.8-27b,clf_pc-baseline:densenet121-res224-pc:closed,recall3,1,0.05703703703703704,-0.039999999999999994,0.16518518518518518
qwen3.8-27b,clf_pc-baseline:densenet121-res224-pc:closed,f1,1,0.01989417989417989,-0.053015873015873016,0.09428703703703703
qwen3.8-27b,zeroshot:closed-open,hit1,1,0.15555555555555556,0.044444444444444446,0.28888888888888886
qwen3.8-27b,zeroshot:closed-open,hit3,1,0.08888888888888889,-0.022222222222222223,0.2222222222222222
qwen3.8-27b,zeroshot:closed-open,mrr3,1,0.12222222222222222,0.01851851851851852,0.23703703703703707
qwen3.8-27b,zeroshot:closed-open,recall3,1,0.0237037037037037,-0.07444444444444445,0.11741666666666654
qwen3.8-27b,zeroshot:closed-open,f1,1,0.05945326278659613,-0.017638888888888888,0.13813051146384478
qwen3.8-27b,clf_all:closed-open,hit1,1,-0.24444444444444444,-0.37777777777777777,-0.13333333333333333
qwen3.8-27b,clf_all:closed-open,hit3,1,-0.06666666666666667,-0.17777777777777778,0.022222222222222223
qwen3.8-27b,clf_all:closed-open,mrr3,1,-0.1592592592592593,-0.25925925925925924,-0.07037037037037037
qwen3.8-27b,clf_all:closed-open,recall3,1,-0.08518518518518518,-0.16666666666666666,-0.012962962962962966
qwen3.8-27b,clf_all:closed-open,f1,1,0.023192239858906543,-0.02899514991181657,0.07231084656084658
qwen3.8-27b,clf_pc:closed-open,hit1,1,-0.022222222222222223,-0.13333333333333333,0.08888888888888889
qwen3.8-27b,clf_pc:closed-open,hit3,1,-0.044444444444444446,-0.17777777777777778,0.08888888888888889
qwen3.8-27b,clf_pc:closed-open,mrr3,1,-0.02592592592592592,-0.12962962962962965,0.07777777777777778
qwen3.8-27b,clf_pc:closed-open,recall3,1,-0.1322222222222222,-0.24592592592592588,-0.022222222222222223
qwen3.8-27b,clf_pc:closed-open,f1,1,-0.005590828924162251,-0.07599911816578483,0.0644475308641975
qwen3.8-27b,single:closed-open,hit1,1,0.0,-0.13333333333333333,0.13333333333333333
qwen3.8-27b,single:closed-open,hit3,1,0.044444444444444446,-0.1111111111111111,0.2
qwen3.8-27b,single:closed-open,mrr3,1,0.007407407407407401,-0.10370370370370373,0.1222222222222222
qwen3.8-27b,single:closed-open,recall3,1,-0.028888888888888884,-0.1518611111111111,0.08962962962962963
qwen3.8-27b,single:closed-open,f1,1,0.054067660734327415,-0.029860630110630098,0.1395420875420875
qwen3.8-27b,council:closed-open,hit1,0,-0.1111111111111111,-0.2222222222222222,-0.022222222222222223
qwen3.8-27b,council:closed-open,hit3,0,-0.15555555555555556,-0.26666666666666666,-0.06666666666666667
qwen3.8-27b,council:closed-open,mrr3,0,-0.13333333333333333,-0.23333333333333334,-0.044444444444444446
qwen3.8-27b,council:closed-open,recall3,0,-0.10962962962962963,-0.19333333333333333,-0.035555555555555556
qwen3.8-27b,council:closed-open,f1,0,-0.08222222222222221,-0.1474074074074074,-0.026296296296296293
