experiment,model,mode,vocab,status,n,chest_recognized
exp1,gemma4-26b,zeroshot,open,complete,45,1.0
exp1,gemma4-26b,single,open,complete,45,1.0
exp1,gemma4-26b,council,open,complete,45,
exp1,qwen3.6-27b,zeroshot,open,complete,45,1.0
exp1,qwen3.6-27b,single,open,complete,45,1.0
exp1,qwen3.6-27b,council,open,complete,45,
exp1,qwen3.8-27b,zeroshot,open,complete,45,1.0
exp1,qwen3.8-27b,single,open,complete,45,1.0
exp1,qwen3.8-27b,council,open,in_progress,12,
exp2,gemma4-26b,zeroshot,open,complete,48,1.0
exp2,gemma4-26b,single,open,complete,48,1.0
exp2,gemma4-26b,council,open,complete,49,
exp2,qwen3.6-27b,zeroshot,open,complete,48,0.9791666666666666
exp2,qwen3.6-27b,single,open,complete,48,1.0
exp2,qwen3.6-27b,council,open,complete,48,
exp2,qwen3.8-27b,zeroshot,open,complete,48,1.0
exp2,qwen3.8-27b,single,open,complete,48,1.0
exp2,qwen3.8-27b,council,open,in_progress,0,
exp1,gemma4-26b,zeroshot,closed,complete,45,1.0
exp1,gemma4-26b,single,closed,complete,46,1.0
exp1,gemma4-26b,council,closed,in_progress,31,
exp1,qwen3.6-27b,zeroshot,closed,complete,45,1.0
exp1,qwen3.6-27b,single,closed,complete,45,1.0
exp1,qwen3.6-27b,council,closed,complete,45,
exp1,qwen3.8-27b,zeroshot,closed,complete,45,1.0
exp1,qwen3.8-27b,single,closed,complete,45,1.0
exp1,qwen3.8-27b,council,closed,in_progress,0,
exp2,gemma4-26b,zeroshot,closed,complete,48,0.9791666666666666
exp2,gemma4-26b,single,closed,complete,48,1.0
exp2,gemma4-26b,council,closed,in_progress,0,
exp2,qwen3.6-27b,zeroshot,closed,complete,48,1.0
exp2,qwen3.6-27b,single,closed,complete,48,1.0
exp2,qwen3.6-27b,council,closed,complete,48,
exp2,qwen3.8-27b,zeroshot,closed,complete,48,1.0
exp2,qwen3.8-27b,single,closed,complete,48,1.0
exp2,qwen3.8-27b,council,closed,in_progress,0,
