experiment,model,mode,vocab,status,n,used_torchxrayvision,trusted_chest_model,used_inapplicable,trusted_inapplicable,used_biomedclip,used_medsam,used_cv_classic
exp1,gemma4-26b,single,open,complete,45,0.9777777777777777,0.7777777777777778,0.0,0.0,0.022222222222222223,0.08888888888888889,0.9777777777777777
exp1,gemma4-26b,council,open,complete,45,0.8888888888888888,0.6888888888888889,0.0,0.0,0.4888888888888889,0.13333333333333333,0.8888888888888888
exp1,qwen3.6-27b,single,open,complete,45,0.9777777777777777,0.7333333333333333,0.06666666666666667,0.0,0.6222222222222222,0.0,1.0
exp1,qwen3.6-27b,council,open,complete,45,1.0,0.7777777777777778,0.13333333333333333,0.0,1.0,0.13333333333333333,1.0
exp1,qwen3.8-27b,single,open,complete,45,1.0,1.0,0.28888888888888886,0.0,0.9777777777777777,0.2,1.0
exp1,qwen3.8-27b,council,open,in_progress,12,0.9166666666666666,0.9166666666666666,0.25,0.0,0.9166666666666666,0.8333333333333334,1.0
exp2,gemma4-26b,single,open,complete,48,0.9166666666666666,0.8125,0.0,0.0,0.0,0.14583333333333334,0.9375
exp2,gemma4-26b,council,open,complete,49,0.7551020408163265,0.6122448979591837,0.04081632653061224,0.0,0.24489795918367346,0.16326530612244897,0.8367346938775511
exp2,qwen3.6-27b,single,open,complete,48,1.0,0.3958333333333333,0.041666666666666664,0.0,0.2708333333333333,0.0,1.0
exp2,qwen3.6-27b,council,open,complete,48,0.9791666666666666,0.5416666666666666,0.041666666666666664,0.0,0.8541666666666666,0.20833333333333334,0.9791666666666666
exp2,qwen3.8-27b,single,open,complete,48,1.0,0.9166666666666666,0.20833333333333334,0.0,0.5833333333333334,0.3333333333333333,1.0
exp2,qwen3.8-27b,council,open,in_progress,0,,,,,,,
exp1,gemma4-26b,single,closed,complete,46,0.9782608695652174,0.8260869565217391,0.0,0.0,0.021739130434782608,0.06521739130434782,0.9782608695652174
exp1,gemma4-26b,council,closed,in_progress,31,0.9032258064516129,0.7741935483870968,0.0,0.0,0.5161290322580645,0.03225806451612903,0.9354838709677419
exp1,qwen3.6-27b,single,closed,complete,45,1.0,0.8222222222222222,0.044444444444444446,0.0,0.5111111111111111,0.0,1.0
exp1,qwen3.6-27b,council,closed,complete,45,1.0,0.7111111111111111,0.044444444444444446,0.0,0.9777777777777777,0.2,1.0
exp1,qwen3.8-27b,single,closed,complete,45,1.0,1.0,0.13333333333333333,0.0,0.9333333333333333,0.13333333333333333,1.0
exp1,qwen3.8-27b,council,closed,in_progress,0,,,,,,,
exp2,gemma4-26b,single,closed,complete,48,0.9791666666666666,0.8958333333333334,0.0,0.0,0.0,0.14583333333333334,0.9791666666666666
exp2,gemma4-26b,council,closed,in_progress,0,,,,,,,
exp2,qwen3.6-27b,single,closed,complete,48,1.0,0.5208333333333334,0.020833333333333332,0.0,0.2916666666666667,0.0,1.0
exp2,qwen3.6-27b,council,closed,complete,48,1.0,0.6875,0.020833333333333332,0.0,0.9375,0.22916666666666666,1.0
exp2,qwen3.8-27b,single,closed,complete,48,1.0,0.9583333333333334,0.125,0.0,0.625,0.22916666666666666,1.0
exp2,qwen3.8-27b,council,closed,in_progress,0,,,,,,,
