condition,model,mode,vocab,classifier,status,used_classifier_share,n_valid,agree,agree_correct,disagree,model_only,clf_only,both_right,both_wrong
gemma4-26b:clf_all,gemma4-26b,clf_all,open,densenet121-res224-all,complete,1.0,45,22,10,23,3,5,1,14
gemma4-26b:clf_pc,gemma4-26b,clf_pc,open,densenet121-res224-pc,complete,1.0,45,17,9,28,6,8,2,12
gemma4-26b:single,gemma4-26b,single,open,densenet121-res224-all,complete,0.9777777777777777,44,18,5,26,6,7,2,11
gemma4-26b:council,gemma4-26b,council,open,densenet121-res224-all,complete,0.8888888888888888,32,13,9,19,4,2,0,13
qwen3.6-27b:clf_all,qwen3.6-27b,clf_all,open,densenet121-res224-all,complete,1.0,45,27,13,18,8,3,0,7
qwen3.6-27b:clf_pc,qwen3.6-27b,clf_pc,open,densenet121-res224-pc,complete,1.0,45,11,8,34,10,8,3,13
qwen3.6-27b:single,qwen3.6-27b,single,open,densenet121-res224-all,complete,0.9777777777777777,44,12,9,32,12,5,2,13
qwen3.6-27b:council,qwen3.6-27b,council,open,densenet121-res224-all,complete,1.0,44,17,14,27,10,4,1,12
qwen3.8-27b:clf_all,qwen3.8-27b,clf_all,open,densenet121-res224-all,complete,1.0,45,29,21,16,7,2,2,5
qwen3.8-27b:clf_pc,qwen3.8-27b,clf_pc,open,densenet121-res224-pc,complete,1.0,45,21,13,24,10,5,3,6
qwen3.8-27b:single,qwen3.8-27b,single,open,densenet121-res224-all,complete,1.0,45,13,8,32,10,5,4,13
qwen3.8-27b:council,qwen3.8-27b,council,open,densenet121-res224-all,in_progress,0.9166666666666666,11,6,3,5,1,1,1,2
gemma4-26b:clf_all:closed,gemma4-26b,clf_all,closed,densenet121-res224-all,complete,1.0,45,30,12,15,5,2,0,8
gemma4-26b:clf_pc:closed,gemma4-26b,clf_pc,closed,densenet121-res224-pc,complete,1.0,45,22,10,23,4,5,1,13
gemma4-26b:single:closed,gemma4-26b,single,closed,densenet121-res224-all,complete,0.9782608695652174,45,22,8,23,5,4,2,12
gemma4-26b:council:closed,gemma4-26b,council,closed,densenet121-res224-all,in_progress,0.9032258064516129,22,9,6,13,1,3,1,8
qwen3.6-27b:clf_all:closed,qwen3.6-27b,clf_all,closed,densenet121-res224-all,complete,1.0,45,31,12,14,7,2,0,5
qwen3.6-27b:clf_pc:closed,qwen3.6-27b,clf_pc,closed,densenet121-res224-pc,complete,1.0,45,23,9,22,9,6,1,6
qwen3.6-27b:single:closed,qwen3.6-27b,single,closed,densenet121-res224-all,complete,1.0,45,9,7,36,14,5,2,15
qwen3.6-27b:council:closed,qwen3.6-27b,council,closed,densenet121-res224-all,complete,1.0,45,11,6,34,15,3,5,11
qwen3.8-27b:clf_all:closed,qwen3.8-27b,clf_all,closed,densenet121-res224-all,complete,1.0,45,32,12,13,7,2,0,4
qwen3.8-27b:clf_pc:closed,qwen3.8-27b,clf_pc,closed,densenet121-res224-pc,complete,1.0,45,24,11,21,12,3,2,4
qwen3.8-27b:single:closed,qwen3.8-27b,single,closed,densenet121-res224-all,complete,1.0,45,7,3,38,12,4,7,15
qwen3.8-27b:council:closed,qwen3.8-27b,council,closed,densenet121-res224-all,in_progress,,0,0,0,0,0,0,0,0
