experiment,model,mode,vocab,status,n,first_attempt,nudged_final_json,nudged_required_file,nudged_tools_json,nudged_reproduce,nudged_inspection,inspection_complete,median_log_rejected,valid_json,check_passed,reproduce_ok,timed_out,median_nudges,median_log_action_ratio,median_blocked,median_path_blocked,tools_declared
exp1,gemma4-26b,single,open,complete,45,0.0,0.8863636363636364,1.0,0.022727272727272728,0.8636363636363636,0.1590909090909091,1.0,0.0,0.9777777777777777,0.8863636363636364,0.8863636363636364,0.0,2.0,0.961,3.0,0.0,0.9777777777777777
exp1,gemma4-26b,council,open,in_progress,18,0.0,1.0,1.0,0.058823529411764705,0.7647058823529411,0.17647058823529413,1.0,3.0,0.8888888888888888,0.8823529411764706,1.0,0.05555555555555555,3.5,0.873,28.0,2.0,0.8888888888888888
exp1,qwen3.6-27b,single,open,complete,45,0.5777777777777777,0.17777777777777778,0.17777777777777778,0.0,0.17777777777777778,0.13333333333333333,0.9777777777777777,0.0,0.9777777777777777,0.9777777777777777,0.9777777777777777,0.0,0.0,0.626,26.0,0.0,0.9777777777777777
exp1,qwen3.6-27b,council,open,complete,45,0.6222222222222222,0.15555555555555556,0.1111111111111111,0.0,0.022222222222222223,0.3111111111111111,0.9777777777777777,1.0,0.9777777777777777,0.9777777777777777,1.0,0.0,0.0,0.567,134.0,0.0,1.0
exp1,qwen3.8-27b,single,open,complete,45,0.6444444444444445,0.28888888888888886,0.0,0.0,0.0,0.06666666666666667,1.0,0.0,1.0,1.0,1.0,0.0,0.0,0.711,30.0,2.0,1.0
exp1,qwen3.8-27b,council,open,in_progress,2,0.0,1.0,0.5,0.0,0.5,0.0,1.0,1.5,1.0,1.0,1.0,0.0,1.0,0.6905,239.5,5.0,1.0
exp2,gemma4-26b,single,open,complete,48,0.0,1.0,1.0,0.09090909090909091,0.7954545454545454,0.3409090909090909,1.0,0.0,0.8541666666666666,0.8181818181818182,0.9047619047619048,0.020833333333333332,2.0,0.932,5.5,0.0,0.8958333333333334
exp2,gemma4-26b,council,open,in_progress,0,,,,,,,,,,,,,,,,,
exp2,qwen3.6-27b,single,open,complete,48,0.2916666666666667,0.2708333333333333,0.1875,0.020833333333333332,0.20833333333333334,0.4791666666666667,1.0,0.0,0.9791666666666666,0.9583333333333334,1.0,0.0,1.0,0.6395,29.0,0.0,1.0
exp2,qwen3.6-27b,council,open,in_progress,9,0.5555555555555556,0.2222222222222222,0.2222222222222222,0.0,0.0,0.4444444444444444,1.0,1.0,1.0,1.0,1.0,0.0,0.0,0.566,139.0,0.0,1.0
exp2,qwen3.8-27b,single,open,complete,48,0.5625,0.4166666666666667,0.0,0.0,0.0,0.020833333333333332,1.0,0.0,1.0,1.0,1.0,0.0,0.0,0.7284999999999999,32.5,1.0,1.0
exp2,qwen3.8-27b,council,open,in_progress,0,,,,,,,,,,,,,,,,,
exp1,gemma4-26b,single,closed,in_progress,3,,,,,,,1.0,0.0,0.0,,,0.0,0.0,,1.0,0.0,0.0
exp1,gemma4-26b,council,closed,in_progress,0,,,,,,,,,,,,,,,,,
exp1,qwen3.6-27b,single,closed,in_progress,1,,,,,,,1.0,0.0,0.0,,,0.0,0.0,,4.0,0.0,0.0
exp1,qwen3.6-27b,council,closed,in_progress,0,,,,,,,,,,,,,,,,,
exp1,qwen3.8-27b,single,closed,in_progress,4,,,,,,,0.5,0.0,0.0,,,0.0,0.0,,13.0,1.0,0.0
exp1,qwen3.8-27b,council,closed,in_progress,0,,,,,,,,,,,,,,,,,
exp2,gemma4-26b,single,closed,in_progress,0,,,,,,,,,,,,,,,,,
exp2,gemma4-26b,council,closed,in_progress,0,,,,,,,,,,,,,,,,,
exp2,qwen3.6-27b,single,closed,in_progress,0,,,,,,,,,,,,,,,,,
exp2,qwen3.6-27b,council,closed,in_progress,0,,,,,,,,,,,,,,,,,
exp2,qwen3.8-27b,single,closed,in_progress,0,,,,,,,,,,,,,,,,,
exp2,qwen3.8-27b,council,closed,in_progress,0,,,,,,,,,,,,,,,,,
